"parameter"	"tau_coefficient"
"Alcohol"	0.238984000000000
"Malic_Acid"	0.247494000000000
"Ash"	0.0380850000000000
"Ash_Alcanity"	0.449402000000000
"Magnesium"	0.184992000000000
"Total_Phenols"	0.590404000000000
"Flavanoids"	0.725255000000000
"Nonflavanoid_phenols"	0.379234000000000
"Proanthocyanins"	0.450225000000000
"Color_Intensity"	0.0651240000000000
"Hue"	0.479229000000000
"OD280"	0.607572000000000
"Proline"	0.406260000000000